addressId,addressLine1,addressLine2,city,postalCode
1,1970 Napa Ct.,,Bothell,98011
2,9833 Mt. Dias Blv.,,Bothell,98011
3,7484 Roundtree Drive,,Bothell,98011
4,9539 Glenside Dr,,Bothell,98011
5,1226 Shoe St.,,Bothell,98011
6,1399 Firestone Drive,,Bothell,98011
7,5672 Hale Dr.,,Bothell,98011
8,6387 Scenic Avenue,,Bothell,98011
9,8713 Yosemite Ct.,,Bothell,98011
10,250 Race Court,,Bothell,98011
11,1318 Lasalle Street,,Bothell,98011
12,5415 San Gabriel Dr.,,Bothell,98011
13,9265 La Paz,,Bothell,98011
14,8157 W. Book,,Bothell,98011
15,4912 La Vuelta,,Bothell,98011
16,40 Ellis St.,,Bothell,98011
17,6696 Anchor Drive,,Bothell,98011
18,1873 Lion Circle,,Bothell,98011
19,3148 Rose Street,,Bothell,98011
20,6872 Thornwood Dr.,,Bothell,98011
21,5747 Shirley Drive,,Bothell,98011
22,636 Vine Hill Way,,Portland,97205
23,6657 Sand Pointe Lane,,Seattle,98104
24,80 Sunview Terrace,,Duluth,55802
25,9178 Jumping St.,,Dallas,75201
26,5725 Glaze Drive,,San Francisco,94109
27,2487 Riverside Drive,,Nevada,84407
28,9228 Via Del Sol,,Phoenix,85004
29,8291 Crossbow Way,,Memphis,38103
30,9707 Coldwater Drive,,Orlando,32804
31,9100 Sheppard Avenue North,,Ottawa,K4B 1T7
32,26910 Indela Road,,Montreal,H1Y 2H5
33,10203 Acorn Avenue,,Calgary,T2P 2G8
34,"94, rue Descartes",,Bordeaux,33000
35,Pascalstr 951,,Berlin,14111
36,34 Waterloo Road,,Melbourne,3000
37,Downshire Way,,Cambridge,BA5 3HX
38,8154 Via Mexico,,Detroit,48226
39,3997 Via De Luna,,Cambridge,02139
40,1902 Santa Cruz,,Bothell,98011
41,793 Crawford Street,,Kenmore,98028
42,463 H Stagecoach Rd.,,Kenmore,98028
43,5203 Virginia Lane,,Kenmore,98028
44,4095 Cooper Dr.,,Kenmore,98028
45,6697 Ridge Park Drive,,Kenmore,98028
46,5669 Ironwood Way,,Kenmore,98028
47,8192 Seagull Court,,Kenmore,98028
48,5553 Cash Avenue,,Kenmore,98028
49,7048 Laurel,,Kenmore,98028
50,25 95th Ave NE,,Kenmore,98028
51,3280 Pheasant Circle,,Snohomish,98296
52,4231 Spar Court,,Snohomish,98296
53,1285 Greenbrier Street,,Snohomish,98296
54,5724 Victory Lane,,Snohomish,98296
55,591 Merriewood Drive,,Snohomish,98296
56,3114 Notre Dame Ave.,,Snohomish,98296
57,7230 Vine Maple Street,,Snohomish,98296
58,2601 Cambridge Drive,,Snohomish,98296
59,2115 Passing,,Snohomish,98296
60,4852 Chaparral Court,,Snohomish,98296
61,7726 Driftwood Drive,,Monroe,98272
62,3841 Silver Oaks Place,,Monroe,98272
63,9652 Los Angeles,,Monroe,98272
64,4566 La Jolla,,Monroe,98272
65,1356 Grove Way,,Monroe,98272
66,4775 Kentucky Dr.,Unit E,Monroe,98272
67,4734 Sycamore Court,,Monroe,98272
68,896 Southdale,,Monroe,98272
69,2275 Valley Blvd.,,Monroe,98272
70,1792 Belmont Rd.,,Monroe,98272
71,5734 Ashford Court,,Monroe,98272
72,5030 Blue Ridge Dr.,,Monroe,98272
73,158 Walnut Ave,,Monroe,98272
74,8310 Ridge Circle,,Monroe,98272
75,3747 W. Landing Avenue,,Monroe,98272
76,2598 La Vista Circle,,Duvall,98019
77,9693 Mellowood Street,,Duvall,98019
78,1825 Corte Del Prado,,Duvall,98019
79,5086 Nottingham Place,,Duvall,98019
80,3977 Central Avenue,,Duvall,98019
81,8209 Green View Court,,Duvall,98019
82,8463 Vista Avenue,,Duvall,98019
83,5379 Treasure Island Way,# 14,Duvall,98019
84,3421 Bouncing Road,,Duvall,98019
85,991 Vista Verde,,Duvall,98019
86,390 Ridgewood Ct.,,Carnation,98014
87,1411 Ranch Drive,,Carnation,98014
88,9666 Northridge Ct.,,Carnation,98014
89,3074 Arbor Drive,,Carnation,98014
90,9752 Jeanne Circle,,Carnation,98014
91,7166 Brock Lane,,Seattle,98104
92,7126 Ending Ct.,,Seattle,98104
93,4598 Manila Avenue,,Seattle,98104
94,5666 Hazelnut Lane,,Seattle,98104
95,1220 Bradford Way,,Seattle,98104
96,5375 Clearland Circle,,Seattle,98104
97,2639 Anchor Court,,Seattle,98104
98,502 Alexander Pl.,,Seattle,98104
99,5802 Ampersand Drive,,Seattle,98104
100,5125 Cotton Ct.,,Seattle,98104
101,3243 Buckingham Dr.,# 207,Seattle,98104
102,3029 Pastime Dr,# 2,Seattle,98104
103,9537 Ridgewood Drive,,Seattle,98104
104,9964 North Ridge Drive,,Seattle,98104
105,1619 Stillman Court,,Seattle,98104
106,2144 San Rafael,,Seattle,98104
107,7403 N. Broadway,,Seattle,98104
108,7842 Ygnacio Valley Road,,Seattle,98104
109,874 Olivera Road,,Seattle,98104
110,1064 Slow Creek Road,,Seattle,98104
111,77 Birchwood,,Seattle,98104
112,7765 Sunsine Drive,,Seattle,98104
113,1102 Ravenwood,,Seattle,98104
114,1398 Yorba Linda,,Seattle,98104
115,4948 West 4th St,,Seattle,98104
116,8290 Margaret Ct.,,Seattle,98104
117,426 San Rafael,,Seattle,98104
118,136 Balboa Court,,Seattle,98104
119,7439 Laguna Niguel,,Seattle,98104
120,6498 Mining Rd.,,Seattle,98104
121,6578 Woodhaven Ln.,,Seattle,98104
122,2354 Frame Ln.,,Seattle,98104
123,6843 San Simeon Dr.,,Seattle,98104
124,7616 Honey Court,,Seattle,98104
125,931 Corte De Luna,,Seattle,98104
126,7594 Alexander Pl.,,Seattle,98104
127,7127 Los Gatos Court,,Seattle,98104
128,8656 Lakespring Place,,Seattle,98104
129,5025 Holiday Hills,,Seattle,98104
130,5376 Catanzaro Way,,Seattle,98104
131,504 O St.,,Edmonds,98020
132,6870 D Bel Air Drive,,Edmonds,98020
133,8152 Claudia Dr.,,Edmonds,98020
134,6057 Hill Street,,Edmonds,98020
135,2812 Mazatlan,,Edmonds,98020
136,172 Turning Dr.,,Edmonds,98020
137,9784 Mt Etna Drive,,Edmonds,98020
138,2059 Clay Rd,,Edmonds,98020
139,2687 Ridge Road,,Edmonds,98020
140,371 Apple Dr.,,Edmonds,98020
141,3281 Hillview Dr.,,Edmonds,98020
142,2080 Sycamore Drive,,Edmonds,98020
143,7511 Cooper Dr.,,Edmonds,98020
144,9825 Coralie Drive,,Edmonds,98020
145,8411 Mt. Orange Place,,Edmonds,98020
146,207 Berry Court,,Edmonds,98020
147,1061 Buskrik Avenue,,Edmonds,98020
148,3632 Bank Way,,Edmonds,98020
149,3026 Anchor Drive,,Edmonds,98020
150,7338 Green St.,,Edmonds,98020
151,2038 Encino Drive,,Edmonds,98020
152,2466 Clearland Circle,,Edmonds,98020
153,9277 Country View Lane,,Edmonds,98020
154,5423 Champion Rd.,,Edmonds,98020
155,2046 Las Palmas,,Edmonds,98020
156,8684 Military East,,Bellevue,98004
157,7270 Pepper Way,,Bellevue,98004
158,6058 Hill Street,# 4,Bellevue,98004
159,1648 Eastgate Lane,,Bellevue,98004
160,3454 Bel Air Drive,,Bellevue,98004
161,3067 Maya,,Bellevue,98004
162,3197 Thornhill Place,,Bellevue,98004
163,3919 Pinto Road,,Bellevue,98004
164,7396 Stratton Circle,,Bellevue,98004
165,9745 Bonita Ct.,,Bellevue,98004
166,3670 All Ways Drive,,Bellevue,98004
167,7221 Peachwillow Street,,Bellevue,98004
168,1343 Prospect St,,Bellevue,98004
169,6448 Castle Court,,Bellevue,98004
170,7902 Grammercy Lane,Unit A,Bellevue,98004
171,8668 Via Neruda,,Bellevue,98004
172,4777 Rockne Drive,,Bellevue,98004
173,620 Woodside Ct.,,Bellevue,98004
174,6307 Greenbelt Way,,Bellevue,98004
175,3284 S. Blank Avenue,,Bellevue,98004
176,8751 Norse Drive,,Bellevue,98004
177,6968 Wren Ave.,,Bellevue,98004
178,4311 Clay Rd,,Bellevue,98004
179,771 Northridge Drive,# 495,Bellevue,98004
180,2947 Vine Lane,,Bellevue,98004
181,9320 Teakwood Dr.,,Bellevue,98004
182,3711 Rollingwood Dr,,Bellevue,98004
183,6118 Grasswood Circle,,Bellevue,98004
184,5678 Clear Court,,Bellevue,98004
185,2681 Eagle Peak,,Bellevue,98004
186,332 Laguna Niguel,,Bellevue,98004
187,7808 Brown St.,,Bellevue,98004
188,6774 Bonanza,,Bellevue,98004
189,3708 Montana,,Bellevue,98004
190,9435 Breck Court,,Bellevue,98004
191,6951 Harmony Way,,Sammamish,98074
192,6871 Thornwood Dr.,,Sammamish,98074
193,9104 Mt. Sequoia Ct.,,Sammamish,98074
194,2095 Sierra Drive,,Sammamish,98074
195,4444 Pepper Way,,Sammamish,98074
196,4525 Benedict Ct.,,Sammamish,98074
197,7820 Bird Drive,,Sammamish,98074
198,1962 Ferndale Lane,,Sammamish,98074
199,5263 Etcheverry Dr,,Sammamish,98074
200,2473 Orchard Way,,Sammamish,98074
201,6202 Seeno St.,,Sammamish,98074
202,4096 San Remo,,Sammamish,98074
203,7086 O St.,,Sammamish,98074
204,4310 Kenston Dr.,,Sammamish,98074
205,7939 Bayview Court,,Sammamish,98074
206,6097 Mt. McKinley Ct.,,Redmond,98052
207,3066 Wallace Dr.,,Redmond,98052
208,9006 Woodside Way,,Redmond,98052
209,9906 Oak Grove Road,,Redmond,98052
210,2383 Pepper Drive,,Redmond,98052
211,6369 Ellis Street,,Redmond,98052
212,8000 Crane Court,,Redmond,98052
213,9322 Driving Drive,,Redmond,98052
214,3768 Door Way,,Redmond,98052
215,101 Candy Rd.,,Redmond,98052
216,2427 Notre Dame Ave.,,Redmond,98052
217,1960 Via Catanzaro,,Redmond,98052
218,9863 Ridge Place,,Redmond,98052
219,3397 Rancho View Drive,,Redmond,98052
220,4909 Poco Lane,,Redmond,98052
221,7297 RisingView,,Redmond,98052
222,7723 Firestone Drive,,Redmond,98052
223,1275 West Street,,Redmond,98052
224,2137 Birchwood Dr,,Redmond,98052
225,249 Alexander Pl.,,Redmond,98052
226,2482 Buckingham Dr.,,Redmond,98052
227,8467 Clifford Court,,Redmond,98052
228,9241 St George Dr.,,Everett,98201
229,3928 San Francisco,,Everett,98201
230,475 Santa Maria,,Everett,98201
231,181 Gaining Drive,,Everett,98201
232,3385 Crestview Drive,,Everett,98201
233,1185 Dallas Drive,,Everett,98201
234,7883 Missing Canyon Court,,Everett,98201
235,5452 Corte Gilberto,,Everett,98201
236,9008 Creekside Drive,,Everett,98201
237,5242 Marvelle Ln.,,Everett,98201
238,4098 Woodcrest Dr.,,Everett,98201
239,8624 Pepper Way,,Everett,98201
240,2176 Apollo Way,,Everett,98201
241,1962 Cotton Ct.,,Everett,98201
242,1362 Somerset Place,,Everett,98201
243,3238 Laguna Circle,,Everett,98201
244,3665 Oak Creek Ct.,,Everett,98201
245,7640 First Ave.,,Everett,98201
246,6629 Polson Circle,,Everett,98201
247,2294 West 39th St.,,Everett,98201
248,1400 Gate Drive,,Newport Hills,98006
249,4350 Minute Dr.,,Newport Hills,98006
250,9297 Kenston Dr.,,Newport Hills,98006
251,8967 Hamilton Ave.,,Newport Hills,98006
252,9687 Shakespeare Drive,,Newport Hills,98006
253,1397 Paradise Ct.,,Newport Hills,98006
254,3030 Blackburn Ct.,,Newport Hills,98006
255,7469 Paradise Ct.,,Newport Hills,98006
256,9605 Pheasant Circle,,Gold Bar,98251
257,2425 Notre Dame Ave,,Gold Bar,98251
258,8036 Summit View Dr.,,Gold Bar,98251
259,213 Stonewood Drive,,Gold Bar,98251
260,3884 Beauty Street,# 14,Gold Bar,98251
261,1748 Bird Drive,,Index,98256
262,310 Winter Lane,,Index,98256
263,3514 Sunshine,,Index,98256
264,1245 Clay Road,,Index,98256
265,3127 El Camino Drive,,Index,98256
266,7691 Benedict Ct.,# 141,Issaquah,98027
267,1144 Paradise Ct.,,Issaquah,98027
268,7435 Ricardo,,Issaquah,98027
269,9530 Vine Lane,,Issaquah,98027
270,6580 Poor Ridge Court,,Issaquah,98027
271,5979 El Pueblo,,Issaquah,98027
272,1921 Ranch Road,,Issaquah,98027
273,3848 East 39th Street,,Issaquah,98027
274,5256 Chickpea Ct.,,Issaquah,98027
275,989 Crown Ct,,Issaquah,98027
276,3333 Madhatter Circle,,Issaquah,98027
277,342 San Simeon,,Issaquah,98027
278,9314 Icicle Way,,Issaquah,98027
279,7772 Golden Meadow,,Issaquah,98027
280,8585 Los Gatos Ct.,,Issaquah,98027
281,7985 Center Street,,Renton,98055
282,5980 Icicle Circle,Unit H,Renton,98055
283,1378 String Dr,,Renton,98055
284,9495 Limewood Place,,Renton,98055
285,2598 Breck Court,,Renton,98055
286,5670 Bel Air Dr.,,Renton,98055
287,7165 Brock Lane,,Renton,98055
288,2736 Scramble Rd,,Renton,98055
289,2266 Greenwood Circle,,Renton,98055
290,5297 Algiers Drive,,Renton,98055
291,9533 Working Drive,,Renton,98055
292,1803 Olive Hill,,Renton,98055
293,7559 Worth Ct.,,Renton,98055
294,3770 Viewpoint Ct,,Renton,98055
295,6510 Hacienda Drive,,Renton,98055
296,6937 E. 42nd Street,,Renton,98055
297,7943 Walnut Ave,,Renton,98055
298,2176 Brown Street,,Renton,98055
299,4312 Cambridge Drive,,Renton,98055
300,5009 Orange Street,,Renton,98055
301,4405 Balboa Court,,Santa Cruz,95062
302,7995 Edwards Ave.,,Lynnwood,98036
303,4659 Montoya,,Altadena,91001
304,1667 Warren Street,,West Covina,91791
305,7179 Montana,,Torrance,90505
306,9 Guadalupe Dr.,,Burbank,91502
307,50 Big Canyon Road,,Lebanon,97355
308,65 Park Glen Court,,Port Orchard,98366
309,28 San Marino Ct.,,Bellingham,98225
310,2472 Alexander Place,,West Covina,83301
311,9830 May Way,,Mill Valley,59715
312,1286 Cincerto Circle,,Lake Oswego,97034
313,2141 Delaware Ct.,,Downey,37501
314,218 Fall Creek Road,,West Covina,91791
315,5807 Churchill Dr.,,Corvallis,97330
316,6061 St. Paul Way,,Everett,98201
317,628 Muir Road,,Los Angeles,90012
318,2313 B Southampton Rd,,Missoula,59801
319,137 Lancelot Dr,,Phoenix,85004
320,3 Gehringer Drive,,Daly City,94015
321,15 Pear Dr.,,Newport Beach,92625
322,1 Mt. Dell Drive,,Portland,97205
323,7651 Smiling Tree Court,Space 55,Los Angeles,90012
324,50 Via Del Sol,,Lynnwood,98036
325,9491 Toyon Dr,,Dallas,75201
326,4151 Olivera,,Atlanta,30308
327,3 Chablis Court,,Torrance,90505
328,2 Lion Circle,,Long Beach,90802
329,9056 Mount Dr,,Chicago,60610
330,67 Monetary Way,,Berkeley,94704
331,419 River Ash Court,#9,Lakewood,63301
332,4823 Stonewood Ct.,,Walla Walla,99362
333,50 Edward Ave,,Concord,94519
334,8157 Tweed Lane,,Anacortes,98221
335,8547 Catherine Way,,Tacoma,98403
336,8892 Columbia River Ct.,,Santa Cruz,95062
337,2909 Toyon Dr.,,Burlingame,94010
338,8127 Otter Dr.,,Boise,83702
339,7053 Laurel Dr.,,La Mesa,88044
340,8629 Pepper Place,,Bellevue,98004
341,8981 Carmel Drive,,W. Linn,89701
342,8513 Hurlstone Ct.,,Altadena,91001
343,50 Breck Court,,Bremerton,98312
344,2342 Peachwillow,,Denver,80203
345,6441 Co Road,,Lemon Grove,85252
346,2596 Big Canyon Road,,New York,10007
347,87 Pheasant Circle,,Oakland,94611
348,3664 Colt Ct.,,Richmond,94801
349,3294 Buena Vista,,Lemon Grove,85284
350,6959 Lakewood Court,,Daly City,94015
351,1192 Parkway Drive,,Mill Valley,68601
352,3195 RiverRock Dr.,,Burlingame,94010
353,9620 Laurel Drive,,Novato,82070
354,5 Madrid,,Concord,94519
355,102 Silverado Drive,,W. Linn,97068
356,75 Q St.,,Chula Vista,91910
357,683 Larch Ct.,,Salt Lake City,84101
358,20 Rambling Rose Ave.,# 103,West Covina,91791
359,6119 11th,,Salt Lake City,84101
360,8844 Garcia,,West Covina,91791
361,32 East 87th Street,,Long Beach,90802
362,31 Bridgeview St,,Glendale,91203
363,1874 Valley Blvd.,,Palo Alto,94303
364,3253 La Jolla,,Salem,97301
365,6030 Winter Drive,# 4d,Imperial Beach,91932
366,1619 Mills Dr.,,Albany,97321
367,978 Mozden Lane,,San Francisco,94109
368,298 Sunnybrook Drive,,Spring Valley,91977
369,9151 Napa C.,,Lebanon,97355
370,24 Bohon Circle,,Burlingame,94010
371,7 B Way,,Woodburn,97071
372,7 Mayda Way,,Bremerton,98312
373,60 Oakgrove Rd.,,Lebanon,97355
374,594 Tossing Way,,Detroit,48226
375,7562 Daylight Place,,Everett,98201
376,9098 Story Lane,,Albany,12210
377,8 Rogers Ave.,,Everett,98201
378,90 Trujillo,,Sedro Woolley,98284
379,68 Filling Ave.,,Beaverton,97005
380,3427 C Del Rio Ln,,Anacortes,98221
381,7682 Fern Leaf Lane,,Boston,02113
382,6360 Sand Pointe Lane,,Coronado,92118
383,20 Smiling Tree Court,,Burbank,91502
384,35 Buckthorn Court,# 1,Kirkland,98033
385,207 Concerto Circle,,Salem,97301
386,5514 Grant Street,,Ballard,98107
387,50 Kim Court,,Coronado,92118
388,2834 Clifford Court,#9,Anacortes,98221
389,80 Edward Ave,,Burien,98168
390,8671 Westwood Lane,,Palo Alto,94303
391,2014 Delta Road,,Burien,98168
392,87 S. Rising Ave,,Lynnwood,98036
393,9443 Oaxaca,,Lakewood,90712
394,581 Roundtree Place,,Spokane,99202
395,3681 South St.,,St. Louis,63103
396,6 Dancing Road,,Burien,98168
397,90 Sunny Ave,,Berkeley,94704
398,81 Ana Mile,,Spokane,99202
399,3459 Tri-state Ave,,Issaquah,98027
400,40 Panorama Drive,,Glendale,91203
401,8197 Hermosa,,Salem,97301
402,7786 Olive St,,Olympia,98501
403,8040 Erie Dr,6 Monteira,Houston,77003
404,7824 Frame Ln,,Philadelphia,19107
405,25 Epping Road,,Lavender Bay,2060
406,Ctrcrt Bus Pk/995-27 Paul St N,,Lavender Bay,2060
407,2-252 Beauchamp Road,Botany Bay Industrial Estate,Cloverdale,6105
408,65 Epping Rd,,Lavender Bay,2060
409,99 - 6 Orion Road,,Lane Cove,1597
410,2565-175 Mitchell Road,,Alexandria,2015
411,Chabbell Park,,North Ryde,2113
412,2520b Underwood Street,,Lavender Bay,2060
413,65 Epping Road,,North Ryde,2113
414,5525 Glenferrie Road,,Hawthorne,4171
415,2253 Miller Street,,North Sydney,2055
416,Level 100,77 Southbank Boulevard,South Melbourne,3205
417,Rosebery,,Lavender Bay,2060
418,Licensing Account,,Seaford,3198
419,Level 99,12 South 10th Avenue,Melbourne,3000
420,Ctrcrt Bus Pk/995-27 Paul St N,,North Ryde,2113
421,2501 Miller Street,,North Sydney,2055
422,6 Lord Street,,Matraville,2036
423,Level 6,538 Climbing Street,Matraville,2036
424,P.O. Box 990032,,Findon,5023
425,P O Box 72569,,East Brisbane,4169
426,2nd Floor,55 Lavender Street,Milsons Point,2061
427,258 Berry Street,,North Sydney,2055
428,85 Egerton Street,,Silverwater,2264
429,Po Box 25484,,Springwood,2777
430,Orwith Center,39 Herbert Street,St. Leonards,2065
431,Level 7,114 Albert Road,Rhodes,2138
432,254a James Street Botany,,Malabar,2036
433,Level 25,96 Lytton Rd.,Melbourne,3000
434,Level 25,538 Climbing Street,Rhodes,2138
435,2253-217 Palmer Street,,Darlinghurst,2010
436,4250 Concord Road,,Rhodes,2138
437,Level 992,56 Pitt Street,Melbourne,3000
438,Level 7,201 Sussex Street,Matraville,2036
439,Level 5,157 Liverpool Street,Rhodes,2138
440,No. 6,Millenium Court,Perth,6006
441,Level 59,,Alexandria,2015
442,45671 Queens Road Ct.,,Melbourne,3000
443,Level 7,80 Arthur Street,Newcastle,2300
444,254a Baker Street,Botany,Sydney,1002
445,6388 Lake City Way,,Burnaby,V5A 3A6
446,52560 Free Street,,Toronto,M4B 1V7
447,22580 Free Street,,Toronto,M4B 1V7
448,2575 Bloor Street East,,Toronto,M4B 1V6
449,Station E,,Chalk Riber,K0J 1J0
450,575 Rue St Amable,,Quebec,G1R
451,2512-4th Ave Sw,,Calgary,T2P 2G8
452,55 Lakeshore Blvd East,,Toronto,M4B 1V6
453,6333 Cote Vertu,,Montreal,H1Y 2H7
454,3255 Front Street West,,Toronto,M4B 1V6
455,2550 Signet Drive,,Weston,M9V 4W3
456,6777 Kingsway,,Burnaby,V5H 3Z7
457,5250-505 Burning St,,Vancouver,V7L 4J4
458,600 Slater Street,,Ottawa,K4B 1S2
459,25575 The Queensway,,Etobicoke,M9W 3P3
460,2521 McPherson Street,,Markham,L3S 3K2
461,2560 Bay Street,,Toronto,M4B 1V7
462,630 University Avenue,,Toronto,M4B 1V7
463,992 St Clair Ave East,,Toronto,M4B 1V7
464,"99, Rue Saint-pierre",,Pnot-Rouge,J1E 2T7
465,25245 Rue Sherbrooke Ouest,,Montreal,H1Y 2H5
466,655-4th Ave S.W.,,Calgary,T2P 2G8
467,25900-700-9th Ave S.W.,,Calgary,T2P 2G8
468,Po Box 83270,,Vancouver,V7L 4J4
469,400-25155 West Pender St,,Vancouver,V7L 4J4
470,2511 Baker Road,,Toronto,M4B 1V7
471,770 Notre Datme Quest Bureau 800,,Montreal,H1Y 2H7
472,250551 Shellbridge Way,,Richmond,V6B 3P7
473,595 Burning Street,,Vancouver,V7L 4J4
474,252345 8810th Avenue,,Surrey,V3T 4W3
475,2512-410th Avenue S.W.,,Calgary,T2P 2G8
476,258 King Street East,,Toronto,M4B 1V7
477,6th Floor Ferguson Block,,Toronto,M4B 1V7
478,2545 King Street West,,Toronto,M4B 1V7
479,2550 Middlefield Road,,Scarborough,M1V 4M2
480,25 First Canadian Place,,Toronto,M4B 1V5
481,65 Gamelin Street,,Hull,8Y
482,2500 University Avenue,,Toronto,M4B 1V5
483,955 Green Valley Crescent,,Ottawa,K4B 1S1
484,2510 Crew Court,,Montreal,H1Y 2H8
485,"9900-6400 Boul, Taschereau",,Brossard,J4Z 1R4
486,600 Boul. Rene-levesque Ouest,,Montreal,H1Y 2H7
487,9259 - 1110th Avenue Sw,,Calgary,T2P 2G8
488,45259 Canada Way,,Burnaby,V5G 4S4
489,9960 King Street E.,,Toronto,M4B 1V5
490,9979 Bayview Drive,,Barrie,L4N
491,20225 Lansing Ave,,Montreal,H1Y 2H7
492,"99954 Boul. Laurier, Local 060, Place",,Sainte-Foy,G1W
493,6th Floor 5250 Main Street,,Winnipeg,R3
494,Box 99354 300 Union Street,,Saint John,E2P 1E3
495,Suite 800 2530 Slater Street,,Ottawa,K4B 1T7
496,Suite 500 995 W. 11th Avenue,,Mississauga,L5A 1H6
497,#9900 2700 Production Way,,Burnaby,V5A 4X1
498,25537 Hillside Avenue,,Victoria,V8V
499,Suite 2502 410 Albert Street,,Waterloo,N2V
500,5700 Explorer Drive,,Mississauga,L4W 5J3
